drug_name	adverse_event	direction	log_ratio	n_female	n_male	total_reports
ABATACEPT	Apparent death	male_higher	-4.465441155522753	22	282	304
LEFLUNOMIDE	Apparent death	male_higher	-4.389138617699751	22	289	311
SULFASALAZINE	Apparent death	male_higher	-4.30145325626399	21	278	299
LETROZOLE	Cardio-respiratory arrest	male_higher	-4.209615265030269	11	13	24
SODIUM AUROTHIOMALATE	Apparent death	male_higher	-4.0921914798331045	20	150	170
HYDROXYCHLOROQUINE SULFATE	Apparent death	male_higher	-4.063517666856617	13	124	137
HYDROXYCHLOROQUINE	Apparent death	male_higher	-4.026351507133033	17	225	242
TOCILIZUMAB	Apparent death	male_higher	-3.858574949250137	25	279	304
METHOTREXATE	Apparent death	male_higher	-3.16302223380099	27	269	296
ESTRADIOL	Completed suicide	male_higher	-3.1031086793487783	43	22	65
TOFACITINIB	Apparent death	male_higher	-3.096973016076798	13	76	89
INFLIXIMAB	Apparent death	male_higher	-3.0200049564017526	27	286	313
LEUPRORELIN	Death	male_higher	-2.916161511246779	85	8312	8397
RIBOCICLIB	Cardio-respiratory arrest	male_higher	-2.8514543278491504	40	15	55
TRIPTORELIN	Death	male_higher	-2.789709443225209	14	336	350
ETANERCEPT	Apparent death	male_higher	-2.785562865355502	62	296	358
VITAMIN C	Death	male_higher	-2.711880168774141	14	80	94
ISOPROPANOL	Completed suicide	male_higher	-2.6934578411337204	39	28	67
ISOPROPANOL	Death	male_higher	-2.6924875993435644	14	17	31
GOSERELIN	Death	male_higher	-2.584611522108382	38	652	690
RITUXIMAB	Apparent death	male_higher	-2.5207893159368506	35	268	303
TRIAMCINOLONE	Death	female_higher	2.3657431000289733	151	13	164
BETAMETHASONE	Death	male_higher	-2.357331433854303	15	131	146
DOMPERIDONE	Death	male_higher	-2.297075875874319	10	48	58
ADALIMUMAB	Apparent death	male_higher	-2.2693071019203463	80	324	404
CORTISONE	Death	male_higher	-2.117061053445966	17	32	49
CEFALEXIN	Death	male_higher	-2.005655243910341	11	51	62
AMIODARONE	Sudden death	female_higher	1.96156593601176	31	16	47
ECGONINE	Accidental death	female_higher	1.957618428269245	13	11	24
PSEUDOEPHEDRINE	Completed suicide	male_higher	-1.8889035160074685	36	36	72
FINGOLIMOD	Completed suicide	male_higher	-1.841945401192068	14	29	43
HYDROCHLOROTHIAZIDE;LOSARTAN	Completed suicide	male_higher	-1.7994253235873043	13	48	61
ADALIMUMAB	Completed suicide	male_higher	-1.7666795447427202	38	124	162
CICLESONIDE	Death	male_higher	-1.745307316554233	11	70	81
SILDENAFIL CITRATE	Death	female_higher	1.7316635664155289	102	56	158
CHLORPROMAZINE	Cardio-respiratory arrest	female_higher	1.6725894080066042	38	12	50
LABETALOL	Death	male_higher	-1.6633045039204035	11	45	56
RISPERIDONE	Completed suicide	female_higher	1.6489183102365472	632	391	1023
VARENICLINE	Completed suicide	male_higher	-1.6482914995084073	49	170	219
EPIRUBICIN	Cardio-respiratory arrest	male_higher	-1.6365809211868665	25	32	57
ISOTRETINOIN	Completed suicide	male_higher	-1.6347368066538135	36	116	152
TAGRAXOFUSP	Death	female_higher	1.616237641765987	10	12	22
NATALIZUMAB	Completed suicide	male_higher	-1.6157551522564717	41	70	111
BUMETANIDE	Death	female_higher	1.611587450201795	27	10	37
SERTRALINE	Foetal death	male_higher	-1.5835374861773015	72	10	82
PHENCYCLIDINE	Death	female_higher	1.5810471678975844	21	13	34
RISPERIDONE	Cardio-respiratory arrest	female_higher	1.5672045772473016	156	130	286
DIAMORPHINE	Sudden death	female_higher	1.5587542188400145	10	12	22
ONDANSETRON	Completed suicide	female_higher	1.5554088406981574	245	33	278
SILDENAFIL	Death	female_higher	1.5368731840765117	1449	1347	2796
ACETYLCYSTEINE	Death	female_higher	1.528795495584637	40	12	52
NORDAZEPAM	Accidental death	female_higher	1.5223363376990813	19	22	41
BOTULINUM TOXIN	Cardio-respiratory arrest	male_higher	-1.5171808234450697	15	15	30
CALCIUM CHLORIDE;GLUCOSE;MAGNESIUM;SODIUM BICARBONATE;SODIUM CHLORIDE;SODIUM LACTATE	Death	female_higher	1.4989624329072193	20	13	33
MIANSERIN	Cardio-respiratory arrest	male_higher	-1.4759369973341752	13	53	66
RISPERIDONE	Sudden death	female_higher	1.4530106039863027	48	74	122
VITAMIN D, UNSPECIFIED	Death	male_higher	-1.4499931192390665	20	56	76
ETANERCEPT	Completed suicide	male_higher	-1.4427322514654932	11	18	29
VITAMIN D2	Death	male_higher	-1.4396623186175437	38	58	96
MEPROBAMATE	Completed suicide	female_higher	1.4277275166855765	53	13	66
MESNA	Death	female_higher	1.4174009387696533	38	18	56
ATEZOLIZUMAB	Sudden death	female_higher	1.4141814615645372	17	17	34
FLUINDIONE	Cardio-respiratory arrest	female_higher	1.407990485092485	33	17	50
CALCITRIOL	Death	male_higher	-1.3994518382152485	13	78	91
FEXOFENADINE	Completed suicide	male_higher	-1.3971292068824042	24	52	76
CANNABINOIDS	Completed suicide	female_higher	1.3877427952383221	189	111	300
METHADONE	Accidental death	female_higher	1.3836068722147146	15	12	27
TAMSULOSIN	Cardio-respiratory arrest	female_higher	1.3784666741951184	12	61	73
BENZYLPENICILLIN	Death	male_higher	-1.3765249993467463	11	43	54
FOLIC ACID	Death	male_higher	-1.3748916026400235	22	42	64
MELATONIN	Cardio-respiratory arrest	female_higher	1.3670327464510648	33	10	43
DIANEAL PD-2, PERITONEAL DIALYSIS SOLUTION WITH 2.5% DEXTROSE ^BAXTER^	Death	female_higher	1.3558204017985775	13	14	27
OPIOIDS, UNSPECIFIED	Completed suicide	female_higher	1.3556453494776126	46	14	60
SITAGLIPTIN	Cardio-respiratory arrest	female_higher	1.3538751817972303	50	18	68
DEXAMETHASONE	Sudden cardiac death	female_higher	1.3450040498401803	19	18	37
LORATADINE	Completed suicide	female_higher	1.3436530523019816	142	25	167
BUSPIRONE	Cardio-respiratory arrest	female_higher	1.338563842843428	91	18	109
TAMSULOSIN	Completed suicide	female_higher	1.335816654933716	46	197	243
HYDROCODONE	Accidental death	female_higher	1.3311177324605796	27	16	43
NADOLOL	Completed suicide	male_higher	-1.3297310827207436	23	21	44
DOCETAXEL	Cardio-respiratory arrest	male_higher	-1.3253269673170363	32	52	84
CEFUROXIME	Death	male_higher	-1.3130014404581747	13	55	68
TADALAFIL	Death	female_higher	1.3045846599169526	1160	720	1880
FLUOROURACIL	Death	female_higher	1.3044978487463748	561	331	892
ZIPRASIDONE	Cardio-respiratory arrest	female_higher	1.302237988045157	57	15	72
PRASUGREL	Completed suicide	female_higher	1.2941190107479408	16	10	26
PACLITAXEL	Sudden death	female_higher	1.292385566665841	49	14	63
SODIUM CITRATE	Death	male_higher	-1.2895623342014344	33	97	130
CALCIUM CHLORIDE;GLUCOSE;MAGNESIUM;SODIUM CHLORIDE;SODIUM LACTATE	Cardio-respiratory arrest	female_higher	1.288733366579978	28	15	43
PREGABALIN	Sudden death	female_higher	1.263139487666289	31	11	42
RISPERIDONE	Death	female_higher	1.2630925966626418	327	447	774
TRAMADOL	Sudden death	female_higher	1.2464915172367108	26	15	41
MERCAPTOPURINE	Death	female_higher	1.2457099429636134	31	20	51
RANITIDINE	Completed suicide	female_higher	1.2430145684511342	53	22	75
LEUCOVORIN	Death	female_higher	1.2401925647900474	25	19	44
CARBIDOPA;LEVODOPA	Sudden death	female_higher	1.231717734802379	27	27	54
CEFEPIME	Death	female_higher	1.231065934654538	37	22	59
METHOCARBAMOL	Completed suicide	female_higher	1.227925374546996	236	35	271
IDARUBICIN	Death	female_higher	1.2263292940656294	84	53	137
RITONAVIR	Completed suicide	female_higher	1.2232623288166171	23	10	33
CANNABIS SPP	Completed suicide	female_higher	1.2191467679365007	125	110	235
VORTIOXETINE	Completed suicide	male_higher	-1.216051784069395	126	216	342
SCOPOLAMINE	Death	male_higher	-1.2159390025144354	26	68	94
VITAMIN D3	Cardio-respiratory arrest	male_higher	-1.2052848216507863	10	19	29
ACITRETIN	Death	female_higher	1.2013915212025834	21	12	33
IXAZOMIB	Sudden death	female_higher	1.1998001235444442	12	10	22
INTERFERON GAMMA	Death	female_higher	1.1958148277451213	10	13	23
PEMBROLIZUMAB	Cell death	female_higher	1.189658509362654	26	11	37
SENNA SPP	Death	male_higher	-1.1742817184255845	32	81	113
CALCIUM	Death	male_higher	-1.160722345522427	77	121	198
INFLIXIMAB	Completed suicide	male_higher	-1.153901096640383	11	24	35
BUMETANIDE	Completed suicide	female_higher	1.1534514188213365	44	17	61
FLUPENTIXOL	Completed suicide	female_higher	1.1524092101908765	50	15	65
UMECLIDINIUM	Death	male_higher	-1.1518526101907978	38	145	183
CANNABINOIDS	Cardio-respiratory arrest	female_higher	1.1459711722011003	95	84	179
MAGNESIUM	Death	male_higher	-1.1439809068486597	57	136	193
CHLORPROMAZINE	Death	female_higher	1.1438235719782432	42	27	69
CARBON MONOXIDE	Cardio-respiratory arrest	female_higher	1.1409977972747947	35	29	64
SEMAGLUTIDE	Completed suicide	male_higher	-1.1305848432038252	17	31	48
MIDOMAFETAMINE	Completed suicide	female_higher	1.1298336290140107	34	31	65
OXYBUTYNIN	Completed suicide	male_higher	-1.126502054199428	89	46	135
OXYCODONE	Sudden death	female_higher	1.1221204475404007	12	12	24
QUETIAPINE	Fear of death	male_higher	-1.1213686456291916	14	20	34
EPIRUBICIN	Death	female_higher	1.1181904945061851	443	45	488
OMBITASVIR;PARITAPREVIR;RITONAVIR	Cardio-respiratory arrest	female_higher	1.1177489419160698	33	15	48
DOXEPIN	Cardio-respiratory arrest	female_higher	1.110477075136124	104	30	134
ETHANOL	Sudden death	female_higher	1.1049088175831034	12	13	25
CHLORAMBUCIL	Death	female_higher	1.1025150865050632	20	25	45
ACETYLSALICYLIC ACID;DIPYRIDAMOLE	Death	male_higher	-1.1012138364972357	19	46	65
HALOPERIDOL	Brain death	female_higher	1.0993145554597055	21	11	32
TALAZOPARIB	Death	female_higher	1.098598896420803	78	41	119
GLUCOSE;MAGNESIUM;SODIUM CHLORIDE;SODIUM LACTATE	Sudden cardiac death	female_higher	1.097539696064948	16	18	34
BOTULINUM TOXIN	Death	male_higher	-1.0932980183121714	652	489	1141
AZACITIDINE	Cardio-respiratory arrest	female_higher	1.0929160110156184	18	14	32
DEXAMFETAMINE;AMFETAMINE	Completed suicide	female_higher	1.0925460421100097	24	11	35
CYCLOBENZAPRINE HYDROCHLORIDE	Completed suicide	male_higher	-1.0917295951651402	22	11	33
SOTALOL	Cardio-respiratory arrest	female_higher	1.0908817972118194	26	12	38
ATOVAQUONE	Death	female_higher	1.0896447698380833	20	16	36
MINOCYCLINE	Death	male_higher	-1.0856406042771294	14	31	45
ASENAPINE	Completed suicide	female_higher	1.0786913327106855	114	30	144
RIZATRIPTAN	Completed suicide	male_higher	-1.0745544174684813	10	11	21
CLONIDINE	Death	female_higher	1.0722377972055441	180	74	254
VITAMIN B6	Death	male_higher	-1.0691423817560746	21	80	101
ALANINE;ARGININE;CALCIUM;GLYCINE;HISTIDINE;ISOLEUCINE;LEUCINE;LYSINE;MAGNESIUM;METHIONINE;PHENYLALANINE;PROLINE;SERINE;SODIUM CHLORIDE;SODIUM LACTATE;THREONINE;TRYPTOPHAN, L-;TYROSINE;VALINE	Death	female_higher	1.068572698992008	191	188	379
DASABUVIR	Cardio-respiratory arrest	female_higher	1.0649267635057973	32	14	46
TIGECYCLINE	Death	female_higher	1.0632131118062231	45	39	84
PALIPERIDONE	Sudden death	female_higher	1.0596777231374388	28	47	75
DIAMORPHINE	Completed suicide	female_higher	1.0595824790525212	166	160	326
NORDAZEPAM	Completed suicide	female_higher	1.0589284197164441	67	68	135
HYDROCODONE;PARACETAMOL	Cardio-respiratory arrest	female_higher	1.0560292037328989	555	336	891
FORMOTEROL;MOMETASONE	Death	male_higher	-1.0542085638897956	15	43	58
RANITIDINE	Cardio-respiratory arrest	female_higher	1.0541853291297034	44	28	72
PRIMIDONE	Completed suicide	female_higher	1.051318575755129	94	35	129
SALMETEROL	Death	female_higher	1.0503540155194577	53	19	72
GABAPENTIN	Accidental death	female_higher	1.0488627454024617	108	59	167
CISATRACURIUM	Cardio-respiratory arrest	female_higher	1.0450417973689126	21	14	35
ROSIGLITAZONE	Sudden cardiac death	female_higher	1.0425010003272464	125	187	312
METAMFETAMINE	Completed suicide	female_higher	1.0399773319390984	265	204	469
OXCARBAZEPINE	Cardio-respiratory arrest	female_higher	1.039055439869409	69	29	98
VALPROIC ACID	Brain death	female_higher	1.0388897018872196	22	10	32
PHENCYCLIDINE	Cardio-respiratory arrest	female_higher	1.03881615864747	12	10	22
BENZODIAZEPINES, UNSPECIFIED	Completed suicide	female_higher	1.0364989388831178	271	118	389
ANDEXANET ALFA	Death	female_higher	1.0364901535521756	44	40	84
CLONAZEPAM	Accidental death	male_higher	-1.0352581306824908	11	46	57
MANNITOL	Death	male_higher	-1.026577323648323	11	69	80
AMIODARONE	Cardio-respiratory arrest	female_higher	1.0264048340721807	138	109	247
CERITINIB, TRIAL	Death	female_higher	1.0263980554579548	19	11	30
SIMEPREVIR	Death	female_higher	1.024511073171578	35	30	65
CAPIVASERTIB	Death	male_higher	-1.0244071996952935	186	19	205
FOLIC ACID	Completed suicide	male_higher	-1.0196297970510888	34	30	64
FUMARIC ACID	Completed suicide	male_higher	-1.0188684313753626	22	19	41
CYAMEMAZINE	Cardio-respiratory arrest	female_higher	1.017385314459912	61	35	96
BISACODYL	Death	male_higher	-1.0159412449210157	42	95	137
METHOCARBAMOL	Cardio-respiratory arrest	female_higher	1.0157486602196002	52	11	63
OXYBATE SODIUM	Completed suicide	male_higher	-1.014103679917397	24	30	54
OXYBUTYNIN CHLORIDE	Completed suicide	male_higher	-1.0121222341564335	32	43	75
BUTALBITAL	Completed suicide	female_higher	1.007390794053304	123	20	143
"DIANEAL LOW CALCIUM PD SOLUTION WITH 2.5% DEXTROSE ""BAXTER"	Death	female_higher	1.0061156490646979	12	11	23
BACLOFEN	Cardio-respiratory arrest	female_higher	0.9964226444098869	152	82	234
SACITUZUMAB GOVITECAN	Death	female_higher	0.9936133784268257	574	32	606
CARIPRAZINE	Completed suicide	male_higher	-0.9935132835344307	24	40	64
ALUMINIUM;MAGNESIUM	Death	male_higher	-0.9931660351336784	10	45	55
TROPATEPINE	Cardio-respiratory arrest	female_higher	0.9928929647850939	22	17	39
LIDOCAINE	Completed suicide	male_higher	-0.9915364225973524	27	47	74
CALCIUM CHLORIDE\DEXTROSE\MAGNESIUM CHLORIDE\SODIUM CHLORIDE\SODIUM LACTATE	Death	female_higher	0.99065058150718	332	355	687
PREDNISOLONE	Sudden death	female_higher	0.9905995580219413	13	12	25
COCAINE	Completed suicide	female_higher	0.9894974998602213	512	490	1002
FLUOXETINE	Cardio-respiratory arrest	female_higher	0.9887588211681448	418	113	531
CISPLATIN	Sudden death	female_higher	0.9862328377400693	13	18	31
TENECTEPLASE	Death	female_higher	0.9861442641004046	33	31	64
IMATINIB	Sudden death	female_higher	0.9855630836125553	36	38	74
MELATONIN	Completed suicide	female_higher	0.9848833333007154	181	66	247
DOBUTAMINE	Death	male_higher	-0.9847503611699503	13	81	94
AMFETAMINE	Completed suicide	female_higher	0.9840818648077811	419	276	695
OXYCODONE;PARACETAMOL	Cardio-respiratory arrest	female_higher	0.9820664309407168	230	144	374
FLUTICASONE;VILANTEROL	Death	male_higher	-0.981963025841697	80	208	288
HYDROCODONE;PARACETAMOL	Completed suicide	female_higher	0.9813102321543097	2792	1504	4296
OXYCODONE HYDROCHLORIDE	Accidental death	female_higher	0.9807983036165959	21	15	36
IRON	Completed suicide	female_higher	0.9798180447449933	138	22	160
PERPHENAZINE	Completed suicide	male_higher	-0.9728978962267218	17	43	60
CYCLOPHOSPHAMIDE	Sudden cardiac death	female_higher	0.9687505158194143	12	11	23
BENZODIAZEPINES, UNSPECIFIED	Death	female_higher	0.9683122676201452	80	44	124
SILDENAFIL	Sudden death	female_higher	0.9680886348672768	16	33	49
FACTOR VIII	Death	female_higher	0.9640482000984202	16	190	206
ALIMEMAZINE	Cardio-respiratory arrest	female_higher	0.9623592758135344	70	31	101
ARIPIPRAZOLE	Fear of death	male_higher	-0.9612828102919269	16	22	38
SEVOFLURANE	Cardio-respiratory arrest	female_higher	0.9587607295852476	37	20	57
IRBESARTAN	Death	female_higher	0.9521831589640131	36	19	55
CLOBAZAM	Completed suicide	female_higher	0.9518326048288343	49	21	70
CARGLUMIC ACID	Death	female_higher	0.9477116596046087	15	10	25
AXICABTAGENE CILOLEUCEL	Cardio-respiratory arrest	female_higher	0.9468528106657775	13	12	25
CLONIDINE	Cardio-respiratory arrest	female_higher	0.9468408411921019	96	37	133
EZETIMIBE;SIMVASTATIN	Death	female_higher	0.9429351288829555	17	12	29
APROTININ	Death	female_higher	0.9418492309540376	10	17	27
CETUXIMAB	Cardio-respiratory arrest	male_higher	-0.9407313589062047	10	80	90
ABACAVIR	Death	male_higher	-0.9399041137613232	15	87	102
SUXAMETHONIUM	Cardio-respiratory arrest	male_higher	-0.9369414816515498	10	26	36
BISOPROLOL	Sudden death	female_higher	0.934270185378377	28	28	56
TADALAFIL	Completed suicide	male_higher	-0.928829803862323	17	61	78
DARBEPOETIN ALFA	Sudden death	female_higher	0.927885137176604	11	13	24
LEVAMISOLE	Death	female_higher	0.9278088696759725	16	23	39
DINUTUXIMAB	Death	female_higher	0.9265205076173979	14	15	29
CALCIUM;GLUCOSE;HYDROCHLORIC ACID;MAGNESIUM;SODIUM BICARBONATE;SODIUM CHLORIDE;SODIUM LACTATE	Death	female_higher	0.9259997909034143	21	28	49
DIAMORPHINE	Cardio-respiratory arrest	female_higher	0.923658700012274	223	310	533
LEFLUNOMIDE	Death	male_higher	-0.92271155155583	156	134	290
BENZATROPINE	Completed suicide	female_higher	0.9221776864219029	154	95	249
QUETIAPINE	Near death experience	male_higher	-0.918103620634342	11	18	29
PARICALCITOL	Sudden death	female_higher	0.917622773674319	18	24	42
EZETIMIBE	Death	female_higher	0.9174788836717742	30	20	50
POMALIDOMIDE, TRIAL	Death	female_higher	0.9170781358494725	23	23	46
DAUNORUBICIN	Death	female_higher	0.9170766067227657	61	51	112
AMPHETAMINE SULFATE	Completed suicide	female_higher	0.9168100085518276	38	39	77
PRUCALOPRIDE	Death	male_higher	-0.9152296776368604	10	12	22
ALENDRONIC ACID	Death	male_higher	-0.9136735774199217	175	59	234
ELRANATAMAB	Death	female_higher	0.9130993987722841	37	30	67
TRIMETHOPRIM	Death	male_higher	-0.9116544727978564	14	23	37
DOCETAXEL	Sudden death	male_higher	-0.9110012528405138	14	25	39
HYDROMORPHONE	Cardio-respiratory arrest	female_higher	0.9105486023313216	111	72	183
ICODEXTRIN	Death	female_higher	0.9098050419569472	40	48	88
DIANEAL PD-2, PERITONEAL DIALYSIS SOLUTION WITH 1.5% DEXTROSE ^BAXTER^	Death	female_higher	0.9090651932747376	13	16	29
IPRATROPIUM	Death	male_higher	-0.9074737091647305	46	130	176
METOPROLOL TARTRATE	Death	female_higher	0.9071941655279692	45	23	68
VITAMIN K	Death	male_higher	-0.9064070179225245	14	101	115
VILDAGLIPTIN	Death	female_higher	0.9033513649225386	23	17	40
ASPARAGINASE	Death	female_higher	0.9030532197288029	30	30	60
RANITIDINE HYDROCHLORIDE	Death	female_higher	0.9013006287583569	28	22	50
DABIGATRAN	Sudden death	female_higher	0.89952937705453	29	34	63
LORMETAZEPAM	Completed suicide	male_higher	-0.8932506113793447	12	22	34
PRAMIPEXOLE	Completed suicide	female_higher	0.8921318146891781	61	23	84
VINCRISTINE	Cardio-respiratory arrest	female_higher	0.8912472371905888	30	24	54
LOW CALCIUM PERITONEAL DIALYSIS SOLUTION	Death	female_higher	0.8895653599905871	80	47	127
FLUOXETINE	Accidental death	female_higher	0.8893833643164926	29	13	42
PREDNISONE	Cell death	female_higher	0.8850670974529018	25	11	36
DOXORUBICIN	Sudden death	female_higher	0.883982703128521	14	12	26
BENZODIAZEPINES, UNSPECIFIED	Cardio-respiratory arrest	female_higher	0.8807423115432447	89	45	134
HYDROCODONE;PARACETAMOL	Near death experience	male_higher	-0.8804632718842538	24	60	84
PROPOFOL	Death	female_higher	0.8793518141473391	81	55	136
SPIRONOLACTONE	Completed suicide	female_higher	0.8781966375791997	114	46	160
TRIHEPTANOIN	Death	female_higher	0.8769102164058808	13	10	23
DEFIBROTIDE	Death	female_higher	0.8768508823847024	119	144	263
ADALIMUMAB	Fear of death	male_higher	-0.8757586004303916	14	11	25
OXYCODONE	Accidental death	female_higher	0.8756184407449938	38	44	82
PAROXETINE	Sudden death	female_higher	0.8744967282112286	24	15	39
PROPRANOLOL HYDROCHLORIDE	Cardio-respiratory arrest	female_higher	0.8733448918503872	45	16	61
DIPHENHYDRAMINE;PARACETAMOL	Cardio-respiratory arrest	male_higher	-0.8699852798479193	18	30	48
NETUPITANT;PALONOSETRON	Death	male_higher	-0.8696788190502078	23	42	65
DOXORUBICIN HYDROCHLORIDE	Death	female_higher	0.8684999012578635	45	29	74
CEFTAROLINE	Death	female_higher	0.8684286336118134	17	21	38
ESKETAMINE	Completed suicide	male_higher	-0.867980037813058	83	116	199
BORTEZOMIB	Sudden cardiac death	female_higher	0.8672076054862272	10	16	26
FLUCONAZOLE	Cardio-respiratory arrest	female_higher	0.8666944261652128	23	11	34
HYDROCODONE	Cardio-respiratory arrest	female_higher	0.865008128274718	134	83	217
NAPROXEN	Cardio-respiratory arrest	male_higher	-0.864292439334198	66	105	171
ISONIAZID	Death	female_higher	0.8634261202813585	46	36	82
CAPECITABINE	Sudden death	female_higher	0.8632376913553609	26	15	41
DEXTROMETHORPHAN;QUINIDINE	Death	female_higher	0.8625849773952865	1717	767	2484
HYDROXYCHLOROQUINE	Cardio-respiratory arrest	male_higher	-0.8600656277362175	41	37	78
EMTRICITABINE;TENOFOVIR	Completed suicide	female_higher	0.8590045245562581	14	16	30
VALACICLOVIR	Cardio-respiratory arrest	female_higher	0.8580783397689935	35	17	52
CLOPIDOGREL	Death	female_higher	0.8575634042658432	287	314	601
ALCOHOL	Completed suicide	female_higher	0.8567953067134502	1693	1266	2959
RADIOTHERAPY, UNSPECIFIED	Death	female_higher	0.8559629921260825	11	20	31
AMFETAMINE	Cardio-respiratory arrest	female_higher	0.8558024088794816	169	148	317
ACETYLSALICYLIC ACID	Cell death	female_higher	0.8553640957214692	17	11	28
VALPROIC ACID	Sudden unexplained death in epilepsy	female_higher	0.8536304453075454	34	28	62
CLOPIDOGREL BISULFATE	Death	female_higher	0.8535524768031668	15	16	31
GLIPIZIDE	Completed suicide	male_higher	-0.8525671779684285	110	268	378
CIPROFLOXACIN	Cardio-respiratory arrest	male_higher	-0.8503818803124464	13	31	44
CLORAZEPIC ACID	Death	female_higher	0.8470365832075505	27	15	42
LINEZOLID	Cardio-respiratory arrest	female_higher	0.8432863016116389	24	20	44
ANIFROLUMAB	Death	male_higher	-0.8428609413273971	24	10	34
FLUTICASONE	Death	male_higher	-0.8424692930417452	90	191	281
VALPROIC ACID	Cardio-respiratory arrest	female_higher	0.840760842577834	155	105	260
DASABUVIR	Death	female_higher	0.8397813177113971	53	35	88
OMBITASVIR;PARITAPREVIR;RITONAVIR	Death	female_higher	0.838750796321007	58	42	100
DOXYCYCLINE	Completed suicide	male_higher	-0.8383376998265057	42	64	106
BUSPIRONE	Completed suicide	female_higher	0.8383049417891777	517	145	662
NEFOPAM	Cardio-respiratory arrest	female_higher	0.8358682289831127	23	11	34
DOXYLAMINE	Accidental death	female_higher	0.8354396250091414	17	11	28
LEVOTHYROXINE	Cardio-respiratory arrest	male_higher	-0.8351005295427891	120	72	192
ELOTUZUMAB	Death	female_higher	0.8338816298943786	76	83	159
VINORELBINE	Death	female_higher	0.8333125805290081	124	43	167
VORICONAZOLE	Cardio-respiratory arrest	female_higher	0.8329405766880432	19	20	39
PALIVIZUMAB	Death	female_higher	0.829707652726942	418	432	850
SENNA SPP	Completed suicide	male_higher	-0.8294449940402416	12	15	27
WARFARIN	Cardio-respiratory arrest	female_higher	0.8291288944454986	74	55	129
PIPAMPERONE	Death	female_higher	0.826130385696694	20	11	31
PHENCYCLIDINE	Completed suicide	female_higher	0.8242599414849883	33	29	62
COCAINE	Death	female_higher	0.8227379056452852	478	796	1274
SPIRONOLACTONE	Cardio-respiratory arrest	female_higher	0.8217286525431812	74	40	114
DICLOFENAC	Completed suicide	male_higher	-0.8199911470384371	121	151	272
FAMOTIDINE	Completed suicide	female_higher	0.8184539519069753	107	27	134
VENLAFAXINE	Accidental death	male_higher	-0.8172916388603295	19	42	61
FLUOXETINE HYDROCHLORIDE	Cardio-respiratory arrest	female_higher	0.8165558369958412	54	15	69
MAGNESIUM	Completed suicide	male_higher	-0.8164926614583979	12	14	26
ETHAMBUTOL	Death	female_higher	0.8152184827408737	28	24	52
CLOPIDOGREL	Brain death	female_higher	0.8121776816677397	13	10	23
CARVEDILOL	Death	female_higher	0.8069266652298239	177	162	339
MIRTAZAPINE	Cardio-respiratory arrest	female_higher	0.8061465395399681	199	93	292
INDOMETHACIN	Completed suicide	male_higher	-0.8057384490058215	13	20	33
RAMIPRIL	Completed suicide	male_higher	-0.8054442807040444	21	52	73
OXYCODONE;PARACETAMOL	Completed suicide	female_higher	0.8052009301528409	907	540	1447
LEVOFLOXACIN	Fear of death	male_higher	-0.8034871409029567	15	17	32
POTASSIUM CHLORIDE	Cardio-respiratory arrest	male_higher	-0.8034356281377466	14	24	38
PIPERACILLIN;TAZOBACTAM	Cardio-respiratory arrest	female_higher	0.8010073267837259	33	30	63
BENDAMUSTINE HYDROCHLORIDE	Death	female_higher	0.79939053193563	33	44	77
BENZONATATE	Completed suicide	female_higher	0.7988766859141627	154	33	187
LARONIDASE	Death	female_higher	0.7986550316210748	52	43	95
VORICONAZOLE	Death	female_higher	0.7970851259221771	240	319	559
QUININE	Death	male_higher	-0.7959976639416727	19	86	105
CALCIUM CHLORIDE;GLUCOSE;MAGNESIUM;SODIUM CHLORIDE;SODIUM LACTATE	Death	female_higher	0.79478925125397	126	136	262
GLUCAGON	Death	male_higher	-0.7941414876022355	17	63	80
DAUNORUBICIN	Cardio-respiratory arrest	female_higher	0.7937791683163681	32	25	57
KETOROLAC	Completed suicide	female_higher	0.7932975792725887	38	12	50
METHYLPHENIDATE	Death	female_higher	0.7926345418593912	60	77	137
LISDEXAMFETAMINE	Completed suicide	female_higher	0.7922564379824352	82	36	118
NEBIVOLOL	Completed suicide	female_higher	0.7918546416402226	89	36	125
DIAZEPAM	Accidental death	female_higher	0.7917132155562094	47	46	93
AVIBACTAM;CEFTAZIDIME	Death	female_higher	0.7891810170350273	41	57	98
FERUMOXYTOL	Cardio-respiratory arrest	male_higher	-0.7887518965067746	15	19	34
FLECAINIDE	Cardio-respiratory arrest	female_higher	0.788063253755503	58	28	86
CALCIUM;ICODEXTRIN;MAGNESIUM;SODIUM CHLORIDE;SODIUM LACTATE	Cardio-respiratory arrest	female_higher	0.7879180828640729	25	25	50
AMOXICILLIN	Cardio-respiratory arrest	male_higher	-0.7877676387798627	28	56	84
NORDAZEPAM	Death	female_higher	0.7872924861651694	48	94	142
BUTALBITAL	Death	female_higher	0.7855315553463109	50	13	63
DIAZEPAM	Completed suicide	female_higher	0.7841601160846161	1622	869	2491
CARBOPLATIN	Sudden death	female_higher	0.7831350043965106	33	26	59
CODEINE;PROMETHAZINE	Death	female_higher	0.7816410003427879	79	75	154
ALCOHOL	Death	female_higher	0.7805114149599659	323	321	644
IRON	Death	male_higher	-0.7799436864375106	191	260	451
UMECLIDINIUM;VILANTEROL	Death	male_higher	-0.7793973247331457	58	161	219
RAMUCIRUMAB	Death	female_higher	0.7782573498970151	155	261	416
LACOSAMIDE	Sudden unexplained death in epilepsy	male_higher	-0.7777551203457165	18	46	64
AMINO ACIDS, UNSPECIFIED	Death	female_higher	0.7774086633830865	33	26	59
BIMATOPROST	Death	male_higher	-0.7756237892397695	23	27	50
CARFILZOMIB	Cardio-respiratory arrest	female_higher	0.7733542412091015	29	25	54
ETOPOSIDE	Cardio-respiratory arrest	female_higher	0.7697668123851106	25	24	49
VALPROATE SODIUM	Death	female_higher	0.7689911960422855	12	10	22
METHADONE	Completed suicide	female_higher	0.7672563835964392	487	388	875
CHLORPHENIRAMINE;HYDROCODONE;PSEUDOEPHEDRINE	Death	female_higher	0.7670736632153858	14	20	34
VITAMIN D3	Death	male_higher	-0.7664889032144834	117	167	284
PHENOBARBITAL	Cardio-respiratory arrest	female_higher	0.765854810464617	33	20	53
CABOZANTINIB	Cell death	female_higher	0.764711788317977	10	15	25
CYAMEMAZINE	Sudden death	female_higher	0.764256146383099	19	23	42
ETHANOL	Completed suicide	female_higher	0.7642252093397124	1690	1397	3087
IRINOTECAN HYDROCHLORIDE	Death	female_higher	0.7640405283945587	10	11	21
CAFFEINE;DIHYDROCODEINE;PARACETAMOL	Death	female_higher	0.763749063636624	46	47	93
ECGONINE	Completed suicide	female_higher	0.7626933960911852	21	31	52
FENTANYL CITRATE	Completed suicide	female_higher	0.7585209556959911	74	48	122
METHYLPHENIDATE HYDROCHLORIDE	Completed suicide	female_higher	0.7572745053721728	38	34	72
ATENOLOL	Cardio-respiratory arrest	male_higher	-0.7568504807292091	34	71	105
AMIVANTAMAB	Death	female_higher	0.7565184663005924	33	17	50
FENTANYL CITRATE	Death	female_higher	0.7558316920225739	168	167	335
DEXAMFETAMINE	Completed suicide	male_higher	-0.7550656185212179	10	20	30
PEGASPARGASE	Death	female_higher	0.7549773356681841	24	27	51
TOPIRAMATE	Death	female_higher	0.7533382902389565	202	63	265
VITAMIN B9	Death	male_higher	-0.7521985945387257	30	27	57
OLANZAPINE	Cardio-respiratory arrest	female_higher	0.7520913636476476	268	210	478
METAXALONE	Accidental death	female_higher	0.7504318440572959	57	18	75
ZALEPLON	Completed suicide	female_higher	0.7485962966794371	51	17	68
TOCILIZUMAB	Cardio-respiratory arrest	male_higher	-0.7471569826287718	38	32	70
ISOSORBIDE MONONITRATE	Death	female_higher	0.7465468539239748	16	12	28
CYAMEMAZINE	Completed suicide	female_higher	0.7455362376731195	39	23	62
LACOSAMIDE	Cardio-respiratory arrest	female_higher	0.7430084233289644	66	38	104
METRONIDAZOLE	Death	male_higher	-0.7417625006891959	73	144	217
GUANFACINE	Completed suicide	female_higher	0.741317697734835	26	29	55
GABAPENTIN	Brain death	female_higher	0.7411800255055971	35	12	47
TRAZODONE	Accidental death	female_higher	0.7410714882805611	19	12	31
ALGLUCOSIDASE ALFA	Cardio-respiratory arrest	female_higher	0.7408009575073238	18	13	31
LEVOTHYROXINE	Completed suicide	male_higher	-0.7396412064445885	775	330	1105
LEVETIRACETAM	Sudden unexplained death in epilepsy	female_higher	0.7387937541150578	67	54	121
LIRAGLUTIDE	Completed suicide	male_higher	-0.7387092360745013	11	14	25
CARISOPRODOL	Cardio-respiratory arrest	female_higher	0.7379402218490325	120	47	167
CODEINE;IBUPROFEN	Cardio-respiratory arrest	female_higher	0.7371396071935106	13	12	25
OPIOIDS, UNSPECIFIED	Death	female_higher	0.7362271164627195	34	26	60
TEMSIROLIMUS	Death	female_higher	0.7350949846001013	49	77	126
LACTULOSE	Death	female_higher	0.7347784601613442	71	40	111
TICAGRELOR	Completed suicide	female_higher	0.7344933005351967	17	16	33
METHOTREXATE	Sudden death	female_higher	0.7327097392466476	39	22	61
PARACETAMOL	Accidental death	male_higher	-0.7321642522375875	18	39	57
CEDAZURIDINE;DECITABINE	Death	female_higher	0.7305365744109562	89	113	202
ROPIVACAINE	Cardio-respiratory arrest	male_higher	-0.7290606168552369	13	15	28
TRIMEBUTINE	Cardio-respiratory arrest	female_higher	0.727989318190625	24	10	34
OXYCODONE	Cardio-respiratory arrest	female_higher	0.7266668802456824	500	449	949
FOLINIC ACID	Death	female_higher	0.7258804371094097	166	196	362
AMFETAMINE;DEXAMFETAMINE	Cardio-respiratory arrest	female_higher	0.7255109397385482	37	17	54
SODIUM BICARBONATE	Death	male_higher	-0.7246776590910605	21	58	79
QUETIAPINE	Cardio-respiratory arrest	female_higher	0.7232599936870094	553	284	837
OXYCODONE	Completed suicide	female_higher	0.7229860440009319	2310	1664	3974
PIOGLITAZONE	Completed suicide	female_higher	0.7227788797482012	39	36	75
MIRTAZAPINE	Sudden death	female_higher	0.7226119763925254	44	37	81
GLUCOSE	Death	male_higher	-0.7224748826393045	48	111	159
CALCIUM CHLORIDE\DEXTROSE\MAGNESIUM CHLORIDE\SODIUM CHLORIDE SOLUTION	Death	female_higher	0.7224101857187162	65	75	140
BISOPROLOL	Cardio-respiratory arrest	female_higher	0.7218527473824679	86	64	150
ERGOCALCIFEROL	Completed suicide	male_higher	-0.7215499468830533	26	13	39
METAMFETAMINE	Death	female_higher	0.7208036269790246	247	383	630
UNSPECIFIED	Completed suicide	female_higher	0.7193610459621096	254	136	390
VANDETANIB	Death	female_higher	0.7172109238477182	22	20	42
GLICLAZIDE	Death	male_higher	-0.714895094261083	13	42	55
TAPENTADOL	Completed suicide	female_higher	0.7132522133064891	125	46	171
KETOCONAZOLE	Death	female_higher	0.7123805977824003	14	11	25
LEVOTHYROXINE SODIUM	Death	male_higher	-0.7121731746394051	30	23	53
METOPROLOL	Cardio-respiratory arrest	female_higher	0.7096609367126703	196	115	311
GLOFITAMAB	Death	female_higher	0.7085019684115617	68	94	162
TRAMADOL	Cardio-respiratory arrest	female_higher	0.7077249491009923	418	251	669
DACARBAZINE	Death	female_higher	0.7067264221319973	26	26	52
ABACAVIR;DOLUTEGRAVIR;LAMIVUDINE	Death	female_higher	0.7050362475202556	30	71	101
AMFETAMINE;DEXAMFETAMINE	Death	male_higher	-0.7038437223098675	31	71	102
GALCANEZUMAB	Death	male_higher	-0.7022759347883265	28	15	43
MONTELUKAST	Completed suicide	male_higher	-0.7009984260889603	90	115	205
FLURAZEPAM	Completed suicide	male_higher	-0.7008666631183149	35	36	71
TELBIVUDINE	Death	female_higher	0.6977503102090163	11	20	31
ALBUTEROL	Death	female_higher	0.6965613475969306	20	10	30
AMLODIPINE;VALSARTAN	Death	female_higher	0.6962509904528853	150	107	257
HYDROCODONE;IBUPROFEN	Death	female_higher	0.6952581746337576	265	352	617
ROSIGLITAZONE	Death	female_higher	0.6945223728527893	605	740	1345
BACLOFEN	Completed suicide	female_higher	0.6941335630686356	698	409	1107
ACETYLSALICYLIC ACID	Brain death	female_higher	0.6939168253647631	19	13	32
LEDIPASVIR;SOFOSBUVIR	Cardio-respiratory arrest	female_higher	0.6921738230385683	31	31	62
SUMATRIPTAN	Completed suicide	male_higher	-0.691102474220427	86	38	124
ETOPOSIDE	Death	female_higher	0.6901846276554925	436	549	985
COCAINE	Cardio-respiratory arrest	female_higher	0.688974576863723	311	481	792
BACLOFEN	Death	female_higher	0.6884675885360239	292	257	549
ACETAMINOPHEN\OXYCODONE HYDROCHLORIDE\OXYCODONE TEREPHTHALATE	Death	female_higher	0.6882502091158635	229	284	513
DUVELISIB	Death	female_higher	0.6875194531880437	17	24	41
ETODOLAC	Completed suicide	male_higher	-0.6862916023898031	16	17	33
IRBESARTAN	Cardio-respiratory arrest	male_higher	-0.6856041116615865	23	51	74
EVEROLIMUS	Sudden death	female_higher	0.6839314880453482	14	11	25
ETHYLENE GLYCOL	Death	female_higher	0.6827883128499841	17	27	44
FEBUXOSTAT	Death	female_higher	0.682132331085663	31	60	91
ROSIGLITAZONE	Cardiac death	female_higher	0.6817867322263433	17	30	47
GEFITINIB	Death	female_higher	0.6814844133920563	330	155	485
ALCOHOL	Cardio-respiratory arrest	female_higher	0.6812753426508791	428	394	822
ALLOPURINOL	Death	male_higher	-0.6811738200616888	45	224	269
CYCLOPHOSPHAMIDE	Death	female_higher	0.6806811539814905	1401	1044	2445
HYDROCODONE	Completed suicide	female_higher	0.6800761042176804	627	375	1002
TRAMADOL	Accidental death	female_higher	0.6795787765973591	24	22	46
TAZEMETOSTAT	Death	female_higher	0.6791133813402641	24	24	48
HYDROMORPHONE	Completed suicide	female_higher	0.6776647011252493	426	276	702
GLUCOSE;MAGNESIUM;SODIUM CHLORIDE;SODIUM LACTATE	Sudden death	female_higher	0.6758567289455383	21	30	51
GEMCITABINE	Death	female_higher	0.6757509873434153	349	340	689
ZOLPIDEM	Sudden death	female_higher	0.6744625628829526	23	18	41
OXYCODONE;PARACETAMOL	Near death experience	male_higher	-0.6735606320498795	26	52	78
PANTOPRAZOLE	Sudden death	female_higher	0.6732224434378558	21	18	39
TRAVOPROST	Death	female_higher	0.6725332066217239	55	29	84
LISINOPRIL	Cardio-respiratory arrest	female_higher	0.6718989655768518	130	96	226
CARBON MONOXIDE	Completed suicide	female_higher	0.671708536121038	103	124	227
PROPRANOLOL	Cardio-respiratory arrest	female_higher	0.6716158952524309	249	97	346
ZOPICLONE	Cardio-respiratory arrest	female_higher	0.6710781212049568	63	31	94
CHLORPROMAZINE	Completed suicide	female_higher	0.6708883038289257	68	46	114
DIHYDROCODEINE	Death	female_higher	0.6693760370895988	31	24	55
ANIDULAFUNGIN	Death	female_higher	0.6693142389358588	20	28	48
GEMCITABINE	Cardio-respiratory arrest	female_higher	0.6656858790472164	16	13	29
AMPICILLIN;SULBACTAM	Death	female_higher	0.6634334328258585	11	12	23
CAPSAICIN	Death	female_higher	0.6624837348211082	17	11	28
PANOBINOSTAT	Death	female_higher	0.6618882407723968	64	71	135
BROMAZEPAM	Completed suicide	male_higher	-0.6611939735657619	42	63	105
AMINO ACIDS, UNSPECIFIED;ELECTROLYTES, UNSPECIFIED;GLUCOSE;GLYCINE SPP	Death	female_higher	0.6605598017213357	21	25	46
CLONAZEPAM	Completed suicide	female_higher	0.6592133998400067	2414	1130	3544
CODEINE SULFATE	Completed suicide	male_higher	-0.6590862415622607	17	12	29
CYTARABINE	Cardio-respiratory arrest	female_higher	0.658028120404423	56	60	116
ETELCALCETIDE	Death	female_higher	0.6570954710938826	20	22	42
FLUOXETINE	Brain death	male_higher	-0.6566126303919335	10	11	21
ETIZOLAM	Death	female_higher	0.6561115987159367	20	31	51
PALIVIZUMAB	Cardio-respiratory arrest	female_higher	0.6552349387174563	25	25	50
METAMFETAMINE	Cardio-respiratory arrest	female_higher	0.6547611241519058	94	128	222
DEFEROXAMINE	Death	female_higher	0.6545280569068793	36	27	63
HYDROMORPHONE	Near death experience	male_higher	-0.6534074801899152	23	44	67
TERIPARATIDE	Death	male_higher	-0.6514350984814505	1416	471	1887
VENLAFAXINE HYDROCHLORIDE	Cardio-respiratory arrest	female_higher	0.6513862795694525	76	27	103
LINEZOLID	Death	female_higher	0.6511668643328381	163	199	362
FUROSEMIDE	Cardio-respiratory arrest	female_higher	0.6505950010656899	191	126	317
ISATUXIMAB	Death	female_higher	0.6491064058157836	21	24	45
LOSARTAN POTASSIUM	Completed suicide	male_higher	-0.6489081205309342	13	19	32
PYRAZINAMIDE	Death	female_higher	0.6487978048350782	33	38	71
MICAFUNGIN	Death	female_higher	0.648391176770262	63	96	159
DEXTROMETHORPHAN HYDROBROMIDE	Death	female_higher	0.6481564962956804	11	11	22
SIMVASTATIN	Cardio-respiratory arrest	female_higher	0.6464703149572801	51	41	92
ATORVASTATIN CALCIUM	Death	female_higher	0.6458360110211161	28	20	48
GLIMEPIRIDE	Death	female_higher	0.6453101592118868	33	33	66
PANTOPRAZOLE	Completed suicide	female_higher	0.644960480689592	236	99	335
CAFFEINE	Cardio-respiratory arrest	male_higher	-0.6436533072806725	23	53	76
DOXEPIN	Death	female_higher	0.6433228544492389	120	65	185
RUCAPARIB	Death	male_higher	-0.6423409308349338	256	62	318
CAFFEINE	Death	male_higher	-0.6422600311415101	46	123	169
ENFORTUMAB VEDOTIN	Death	female_higher	0.6420944330036924	72	212	284
NIFEDIPINE	Completed suicide	male_higher	-0.6412110637110251	194	222	416
OMEPRAZOLE;SODIUM BICARBONATE	Death	male_higher	-0.6409060762871406	13	25	38
ZOLPIDEM TARTRATE	Cardio-respiratory arrest	female_higher	0.640679438177556	83	41	124
CEFTOLOZANE;TAZOBACTAM	Death	female_higher	0.6378250313683829	32	47	79
AMIODARONE	Completed suicide	female_higher	0.6371290396337468	57	52	109
OXALIPLATIN	Death	female_higher	0.6351400830957002	270	350	620
HYDROCHLOROTHIAZIDE;LISINOPRIL	Completed suicide	female_higher	0.6342979670297995	108	71	179
ACETYLSALICYLIC ACID	Completed suicide	female_higher	0.6336241776505362	256	180	436
LITHIUM	Cardio-respiratory arrest	female_higher	0.6335883400375544	95	54	149
IRINOTECAN	Cardio-respiratory arrest	male_higher	-0.6331223083264373	15	58	73
MITOXANTRONE	Death	female_higher	0.6327646295916846	29	31	60
NO MEDICATION	Death	female_higher	0.6321395352608448	18	15	33
WARFARIN	Completed suicide	female_higher	0.6316535960427213	243	174	417
OXYCODONE HYDROCHLORIDE	Completed suicide	female_higher	0.6316331452134345	403	223	626
COLLAGENASE	Death	female_higher	0.6309060314579984	82	62	144
LAMOTRIGINE	Death	female_higher	0.6307402159841353	343	160	503
TEDUGLUTIDE	Death	female_higher	0.6304682397890428	418	248	666
PARACETAMOL	Brain death	female_higher	0.630465770641057	76	25	101
AMPHOTERICIN B	Death	female_higher	0.6290590030423628	152	210	362
SUGAMMADEX	Cardio-respiratory arrest	female_higher	0.6290517634776112	15	11	26
NORTRIPTYLINE	Accidental death	female_higher	0.6285496939929374	16	10	26
GANCICLOVIR	Death	female_higher	0.6278838110837499	22	28	50
MIGLUSTAT	Death	female_higher	0.6265584959666508	28	24	52
VERAPAMIL HYDROCHLORIDE	Completed suicide	female_higher	0.626317442141135	75	35	110
ROPINIROLE	Completed suicide	female_higher	0.6253422510165032	86	42	128
METFORMIN;ROSIGLITAZONE	Sudden cardiac death	female_higher	0.6247962490240542	12	27	39
AMOXICILLIN	Death	female_higher	0.6231700709650523	91	54	145
ALCOHOL	Accidental death	female_higher	0.6223353935354887	10	14	24
MORPHINE	Cardio-respiratory arrest	female_higher	0.6218840354031039	319	271	590
NALTREXONE	Completed suicide	female_higher	0.6217865624065786	71	57	128
DOXORUBICIN	Death	female_higher	0.6202995560134594	659	535	1194
OLANZAPINE	Sudden cardiac death	female_higher	0.6198958526394984	12	21	33
TECLISTAMAB	Death	female_higher	0.6195771043756171	49	56	105
DIGOXIN	Death	female_higher	0.6190120765676128	93	64	157
CARFILZOMIB	Sudden death	female_higher	0.6179998886783824	12	20	32
LEVETIRACETAM	Cardio-respiratory arrest	female_higher	0.6179365727879153	117	77	194
CETUXIMAB	Death	female_higher	0.6164621139144504	143	295	438
OLAPARIB	Death	male_higher	-0.615844546361197	2210	1498	3708
CILOSTAZOL	Death	female_higher	0.6138914785990961	26	40	66
NORTRIPTYLINE	Cardio-respiratory arrest	male_higher	-0.6131610772520126	56	78	134
LEVOFOLINIC ACID	Death	female_higher	0.6108706265403085	18	29	47
CHLORPHENAMINE;CODEINE;PSEUDOEPHEDRINE	Death	female_higher	0.6105044966695277	22	23	45
TETRABENAZINE	Death	female_higher	0.6094986185357836	643	456	1099
METFORMIN;ROSIGLITAZONE	Death	female_higher	0.6094303894773966	29	41	70
OXYMORPHONE	Completed suicide	female_higher	0.6093613703750687	117	91	208
TRAMADOL	Completed suicide	female_higher	0.6084432238013	1599	850	2449
OXYGEN	Death	female_higher	0.6080356962219371	35	27	62
AZACITIDINE	Death	female_higher	0.6077412917776354	590	901	1491
VALPROIC ACID	Cell death	female_higher	0.6075054181319142	13	10	23
BUTALBITAL;CAFFEINE;PARACETAMOL	Cardio-respiratory arrest	male_higher	-0.6069784319635811	18	13	31
SUMATRIPTAN	Death	male_higher	-0.606903411252032	24	15	39
CYTARABINE	Death	female_higher	0.6063051509958364	305	416	721
MIDODRINE	Death	female_higher	0.6061530422384246	15	14	29
HALOPERIDOL	Sudden death	female_higher	0.6059871726917698	22	38	60
TEMAZEPAM	Death	female_higher	0.6055580499583877	135	100	235
IPILIMUMAB	Death	female_higher	0.6054654019846429	1122	1984	3106
MIDOSTAURIN	Death	female_higher	0.6054232336567904	162	183	345
HYDRALAZINE	Completed suicide	male_higher	-0.6046820291434902	112	137	249
PSEUDOEPHEDRINE	Death	male_higher	-0.604574785308204	23	10	33
IDARUCIZUMAB	Death	female_higher	0.604431187201296	62	81	143
DOLUTEGRAVIR;RILPIVIRINE	Death	female_higher	0.6017674343486644	10	27	37
LORMETAZEPAM	Cardio-respiratory arrest	male_higher	-0.6011453493146504	15	26	41
COLISTIN	Death	female_higher	0.6007194101446711	33	47	80
TRAZODONE	Completed suicide	female_higher	0.6000994935773827	1870	775	2645
CALCIUM	Cardio-respiratory arrest	male_higher	-0.5996910111766421	13	10	23
ALTEPLASE	Death	female_higher	0.5981934191718759	263	336	599
METHADONE	Cardio-respiratory arrest	female_higher	0.5974685721961084	291	341	632
RIVAROXABAN	Death	female_higher	0.5959228141661563	1169	1206	2375
AMFETAMINE	Death	female_higher	0.5949532593891809	137	183	320
OLANZAPINE	Completed suicide	female_higher	0.5946928695142559	807	587	1394
ETHANOL	Cardio-respiratory arrest	female_higher	0.593301710852991	347	380	727
CLARITHROMYCIN	Death	male_higher	-0.593123132676864	28	49	77
BUSULFAN	Death	female_higher	0.5925653858513613	25	34	59
BIPERIDEN	Cardio-respiratory arrest	female_higher	0.5923971848479861	14	12	26
MYCOPHENOLIC ACID	Brain death	male_higher	-0.5923828527605887	11	24	35
ZOLEDRONIC ACID	Cardio-respiratory arrest	female_higher	0.5919467160885208	50	14	64
LITHIUM CARBONATE	Completed suicide	female_higher	0.591653867219847	49	23	72
EPLERENONE	Death	female_higher	0.5908574196909859	13	36	49
OXYCODONE HYDROCHLORIDE	Cardio-respiratory arrest	female_higher	0.5904757873458202	233	165	398
LEVOTHYROXINE SODIUM	Completed suicide	male_higher	-0.5904547450742199	84	37	121
MAVACAMTEN	Death	male_higher	-0.5897731745730521	11	16	27
NUTRIENTS, UNSPECIFIED	Death	male_higher	-0.5896425562016302	25	47	72
OXYMORPHONE	Cardio-respiratory arrest	female_higher	0.5894044631879152	43	43	86
ISOSORBIDE MONONITRATE	Completed suicide	female_higher	0.588786736830996	62	36	98
LANTHANUM CARBONATE	Death	female_higher	0.5885720830768149	124	290	414
HYDROXYCARBAMIDE	Death	female_higher	0.5880412203283618	40	37	77
BETA BLOCKERS, UNSPECIFIED	Death	female_higher	0.5877498795241254	14	13	27
NIVOLUMAB	Death	female_higher	0.5877376272322395	3249	6071	9320
HEPARIN	Brain death	female_higher	0.586702067288436	16	13	29
TRAZODONE	Cardio-respiratory arrest	female_higher	0.5862964707985507	402	200	602
PERITONEAL DIALYTICS, UNSPECIFIED	Death	female_higher	0.5853853020257371	59	80	139
CITALOPRAM	Cardio-respiratory arrest	female_higher	0.5838554230581301	448	223	671
ARIPIPRAZOLE	Cardio-respiratory arrest	female_higher	0.5829156527329813	157	103	260
CODEINE	Completed suicide	male_higher	-0.5816559936844476	212	204	416
PANITUMUMAB	Death	female_higher	0.5814495936795767	182	299	481
POSACONAZOLE	Death	female_higher	0.5802550468302686	138	194	332
ATRACURIUM	Completed suicide	male_higher	-0.5799423546082814	11	16	27
HYDROCODONE;PARACETAMOL	Death	female_higher	0.5789486577737565	2511	2891	5402
ENOXAPARIN	Death	female_higher	0.5787276367143495	256	201	457
METHOTREXATE	Cell death	female_higher	0.5774240632898677	41	15	56
DIHYDROCODEINE	Completed suicide	female_higher	0.5772264332781809	32	18	50
OSELTAMIVIR	Death	male_higher	-0.5765913954862895	51	127	178
SEMAGLUTIDE	Death	male_higher	-0.5760582760028812	73	117	190
GALANTAMINE	Death	male_higher	-0.5758840546580164	12	18	30
CITALOPRAM	Accidental death	female_higher	0.5758311152833042	53	41	94
ALLOPURINOL	Cardio-respiratory arrest	female_higher	0.5755596914640413	21	25	46
TRASTUZUMAB EMTANSINE	Death	male_higher	-0.575251884313526	451	35	486
NUSINERSEN	Cardio-respiratory arrest	female_higher	0.5740563547253579	43	35	78
SPIRONOLACTONE	Death	female_higher	0.5737436713768684	108	90	198
VERAPAMIL	Death	female_higher	0.5736683210408392	182	109	291
KETAMINE	Cardio-respiratory arrest	female_higher	0.573418574585344	83	75	158
BECAPLERMIN	Death	female_higher	0.5732757164150196	21	32	53
TRAMADOL HYDROCHLORIDE	Completed suicide	female_higher	0.573175933265524	185	91	276
BUDESONIDE;FORMOTEROL	Apparent death	female_higher	0.5725883557524412	43	16	59
SOFOSBUVIR	Death	female_higher	0.5725584742771795	128	205	333
CISPLATIN	Death	female_higher	0.572485600850179	332	506	838
G-CSF, UNSPECIFIED	Death	female_higher	0.5717060309062361	40	48	88
DOCUSATE	Completed suicide	male_higher	-0.5716280044773141	15	23	38
ESCITALOPRAM	Cardio-respiratory arrest	female_higher	0.5710392667322186	209	101	310
MEGESTROL	Death	female_higher	0.5707160585282425	13	11	24
MELOXICAM	Death	male_higher	-0.5697948512848399	30	37	67
WARFARIN	Death	female_higher	0.5697764022343716	286	332	618
IRINOTECAN	Death	female_higher	0.5695202488966729	245	346	591
TISAGENLECLEUCEL	Death	female_higher	0.5690197276711166	67	108	175
PAMIDRONIC ACID	Death	female_higher	0.5688667492659802	100	61	161
SONIDEGIB	Death	female_higher	0.5686572037317458	29	48	77
EVEROLIMUS	Death	female_higher	0.5680634712566752	3217	2067	5284
CALCIUM	Completed suicide	male_higher	-0.5670581762043205	29	17	46
PANTOPRAZOLE	Cell death	male_higher	-0.5666594313419806	23	36	59
TALIGLUCERASE ALFA	Death	female_higher	0.5664334022964286	13	10	23
METHOTREXATE	Cardio-respiratory arrest	male_higher	-0.5650226692778273	84	103	187
PREGABALIN	Apparent death	female_higher	0.5648595456257859	92	31	123
PEGINTERFERON ALFA-2B	Death	female_higher	0.5643357240442888	22	28	50
ZOLEDRONIC ACID	Sudden death	female_higher	0.5642951565959096	25	12	37
MORPHINE	Near death experience	male_higher	-0.5638234093510754	28	48	76
MARIBAVIR	Death	female_higher	0.5635570121729669	105	138	243
AMANTADINE	Completed suicide	female_higher	0.5617800375786808	34	20	54
FRUQUINTINIB	Death	female_higher	0.5617197580131865	271	365	636
SERTRALINE HYDROCHLORIDE	Cardio-respiratory arrest	female_higher	0.5615577215731453	22	12	34
COBICISTAT;DARUNAVIR	Death	male_higher	-0.5612802976966313	10	69	79
OXCARBAZEPINE	Completed suicide	female_higher	0.5584968708598295	230	124	354
LEVOMEPROMAZINE	Cardio-respiratory arrest	female_higher	0.558404874079808	21	19	40
AMANTADINE	Death	female_higher	0.5574039450952476	100	90	190
BENDAMUSTINE	Death	female_higher	0.5560885080728143	228	348	576
CARISOPRODOL	Completed suicide	female_higher	0.5559591011026859	502	200	702
DOLUTEGRAVIR	Death	male_higher	-0.5547572555090108	54	244	298
NUSINERSEN	Death	female_higher	0.5543218801448033	103	103	206
CALCIUM;ICODEXTRIN;MAGNESIUM;SODIUM CHLORIDE;SODIUM LACTATE	Death	female_higher	0.5542737331030343	1817	2752	4569
VIGABATRIN	Death	female_higher	0.5536002038258684	368	405	773
ALIMEMAZINE	Death	male_higher	-0.5534263909002902	28	65	93
METFORMIN;VILDAGLIPTIN	Death	female_higher	0.5532715052718492	47	46	93
NICOTINE	Death	male_higher	-0.5528555945742024	44	83	127
LAROTRECTINIB	Death	female_higher	0.5526690761971756	20	21	41
BELANTAMAB MAFODOTIN	Death	female_higher	0.5521466673247166	112	157	269
PARICALCITOL	Cardio-respiratory arrest	female_higher	0.551409592608104	197	229	426
GUAIFENESIN;HYDROCODONE	Death	female_higher	0.5511546281160309	52	53	105
PRAVASTATIN	Completed suicide	female_higher	0.551030837042823	87	51	138
TRIMIPRAMINE	Completed suicide	male_higher	-0.5498922856065875	17	15	32
DABIGATRAN	Death	female_higher	0.5498866599938292	533	643	1176
DELAMANID	Death	female_higher	0.5495799857589874	32	42	74
COVID-19 VACCINE	Cardio-respiratory arrest	male_higher	-0.5494450293840173	21	29	50
CEFTAZIDIME	Death	female_higher	0.5492021989494262	19	24	43
BENZATROPINE	Death	female_higher	0.5491380067596071	42	51	93
REVUMENIB	Death	female_higher	0.5489662627851034	17	19	36
RIVASTIGMINE	Death	female_higher	0.5485987996847255	869	654	1523
ESOMEPRAZOLE	Sudden death	male_higher	-0.5477751858725557	16	41	57
MUSCLE RELAXANTS, UNSPECIFIED	Death	female_higher	0.5475405819637291	59	37	96
DOXEPIN HYDROCHLORIDE	Cardio-respiratory arrest	female_higher	0.5473003560432748	27	11	38
DONEPEZIL	Completed suicide	female_higher	0.5471856366323664	128	58	186
POTASSIUM CHLORIDE	Death	female_higher	0.5468027985955467	51	28	79
DOCETAXEL	Death	male_higher	-0.5467350211251207	513	454	967
MIDAZOLAM HYDROCHLORIDE	Death	female_higher	0.5465380206953201	10	10	20
POMALIDOMIDE	Sudden death	female_higher	0.5461970304212768	17	26	43
LISINOPRIL	Death	female_higher	0.5459216384757695	248	250	498
RIBAVIRIN	Cardio-respiratory arrest	female_higher	0.5439821708726346	28	32	60
CILTACABTAGENE AUTOLEUCEL	Death	female_higher	0.5437446516458575	22	31	53
MEROPENEM	Death	female_higher	0.5432721163475425	93	124	217
ZIDOVUDINE	Death	female_higher	0.5428409329740336	46	50	96
ZOLPIDEM TARTRATE	Completed suicide	female_higher	0.5426113090696516	246	111	357
IRON	Cardio-respiratory arrest	male_higher	-0.5421453767617135	47	43	90
FENTANYL	Accidental death	female_higher	0.5408364673838131	17	21	38
LAMOTRIGINE	Cardio-respiratory arrest	female_higher	0.540031150723133	377	162	539
GILTERITINIB	Death	female_higher	0.5387807551271	89	101	190
VILAZODONE	Completed suicide	male_higher	-0.5377659299063022	79	64	143
DEFERASIROX, TRIAL	Death	female_higher	0.5377191196469755	28	41	69
UNSPECIFIED	Cardio-respiratory arrest	female_higher	0.5374295291722155	65	52	117
ARTIFICIAL TEARS	Death	male_higher	-0.5372869503593689	32	21	53
FENFLURAMINE	Death	female_higher	0.5363191835699084	16	18	34
PALIPERIDONE	Death	female_higher	0.5362175851256278	208	429	637
ALPRAZOLAM	Completed suicide	female_higher	0.5354466856558942	3445	1786	5231
RANITIDINE	Death	female_higher	0.5350091105567216	400	517	917
FENTANYL	Brain death	male_higher	-0.534799777144501	17	33	50
ETHYLENE GLYCOL	Completed suicide	female_higher	0.5347535238428929	98	146	244
UNSATURATED FATTY ACIDS	Completed suicide	female_higher	0.5346769878270416	16	11	27
CITALOPRAM HYDROBROMIDE	Cardio-respiratory arrest	male_higher	-0.5330502778756592	28	26	54
OXYCODONE	Near death experience	male_higher	-0.5322799365991759	61	113	174
OLMESARTAN	Death	female_higher	0.5319813931698034	18	15	33
OXYMORPHONE	Death	female_higher	0.5304073125418299	385	491	876
SELINEXOR	Death	female_higher	0.5303566129438311	45	59	104
SOMATROPIN	Death	female_higher	0.5303289516367087	365	577	942
OXCARBAZEPINE	Death	female_higher	0.5301188244053772	80	67	147
HYDROCHLOROTHIAZIDE;LOSARTAN	Death	male_higher	-0.5279898506602063	11	18	29
SODIUM CHLORIDE	Death	male_higher	-0.5275328526871985	111	184	295
DAPTOMYCIN	Death	female_higher	0.5273584622159537	61	106	167
ALTEPLASE	Brain death	female_higher	0.5270248307488088	13	12	25
EDARAVONE	Death	female_higher	0.5261855644104383	209	322	531
VINCRISTINE	Death	female_higher	0.5261051868394047	356	495	851
ETRAVIRINE	Death	male_higher	-0.5229940288551694	11	62	73
VINCRISTINE SULFATE	Death	female_higher	0.5227622961550178	39	54	93
TARLATAMAB	Death	male_higher	-0.5218484904803725	10	36	46
CICLOSPORIN	Cardio-respiratory arrest	female_higher	0.5193253595977475	24	15	39
NITROGLYCERIN	Death	female_higher	0.5188589483326158	20	13	33
OXYBUTYNIN	Death	male_higher	-0.5180894180566431	25	11	36
DECITABINE	Death	female_higher	0.5179475053982345	45	63	108
DACLATASVIR	Death	female_higher	0.5167139718248754	40	66	106
CEFOTAXIME	Death	female_higher	0.5162319107646067	12	17	29
VISMODEGIB	Death	female_higher	0.5141353484637967	249	407	656
PATISIRAN	Death	female_higher	0.5141076484965488	12	24	36
UNSPECIFIED INGREDIENT	Cardio-respiratory arrest	female_higher	0.5128890673192572	56	34	90
CEMIPLIMAB	Death	female_higher	0.5108258143827459	30	50	80
AFLIBERCEPT	Death	female_higher	0.509745326675149	543	564	1107
DOXAZOSIN	Death	male_higher	-0.5086132744180557	19	87	106
DAPAGLIFLOZIN;METFORMIN	Death	female_higher	0.5077626603348036	49	62	111
ROSUVASTATIN	Completed suicide	female_higher	0.5063119037960198	136	85	221
DUPILUMAB	Near death experience	male_higher	-0.5050622597373751	11	11	22
ATORVASTATIN CALCIUM	Completed suicide	male_higher	-0.5047437840753992	37	54	91
IMATINIB	Cardio-respiratory arrest	female_higher	0.5042895718978933	43	44	87
BENZTROPINE MESYLATE	Completed suicide	female_higher	0.504125692528878	20	16	36
BEDAQUILINE	Death	female_higher	0.5041111228102794	82	117	199
AXITINIB	Death	female_higher	0.5035257064785952	643	1676	2319
PHENOBARBITAL	Death	female_higher	0.5032328708871251	57	54	111
CARVEDILOL	Cardio-respiratory arrest	male_higher	-0.5031010219924872	29	80	109
